{
  "BoW_word_SVM": {
    "f1_macro": 0.6697,
    "precision_macro": 0.6853,
    "recall_macro": 0.7045,
    "accuracy": 0.725,
    "per_class": {
      "Charles Khuzwayo": {
        "precision": 0.5,
        "recall": 0.5,
        "f1-score": 0.5,
        "support": 4.0
      },
      "Fanelesibonge Bengu": {
        "precision": 0.0,
        "recall": 0.0,
        "f1-score": 0.0,
        "support": 3.0
      },
      "Mhlengi Shangase": {
        "precision": 1.0,
        "recall": 1.0,
        "f1-score": 1.0,
        "support": 4.0
      },
      "Mthokozisi Mncuseni": {
        "precision": 1.0,
        "recall": 1.0,
        "f1-score": 1.0,
        "support": 4.0
      },
      "Nokubongwa Phenyane": {
        "precision": 0.5714285714285714,
        "recall": 1.0,
        "f1-score": 0.7272727272727273,
        "support": 4.0
      },
      "Nonkululeko Nhlapo": {
        "precision": 0.75,
        "recall": 1.0,
        "f1-score": 0.8571428571428571,
        "support": 3.0
      },
      "Sabelo Nsele": {
        "precision": 0.8,
        "recall": 1.0,
        "f1-score": 0.8888888888888888,
        "support": 4.0
      },
      "Sibusiso Mdlalose": {
        "precision": 0.6666666666666666,
        "recall": 0.5,
        "f1-score": 0.5714285714285714,
        "support": 4.0
      },
      "Simangaliso Ntshangase": {
        "precision": 0.5,
        "recall": 0.6666666666666666,
        "f1-score": 0.5714285714285714,
        "support": 3.0
      },
      "Zakhele Xaba": {
        "precision": 0.75,
        "recall": 0.75,
        "f1-score": 0.75,
        "support": 4.0
      },
      "Zimbili Vilakazi": {
        "precision": 1.0,
        "recall": 0.3333333333333333,
        "f1-score": 0.5,
        "support": 3.0
      },
      "accuracy": 0.725,
      "macro avg": {
        "precision": 0.6852813852813853,
        "recall": 0.7045454545454546,
        "f1-score": 0.6696510560146923,
        "support": 40.0
      },
      "weighted avg": {
        "precision": 0.6975595238095238,
        "recall": 0.725,
        "f1-score": 0.688401875901876,
        "support": 40.0
      }
    }
  },
  "BoW_char_SVM": {
    "f1_macro": 0.8473,
    "precision_macro": 0.8606,
    "recall_macro": 0.8485,
    "accuracy": 0.85,
    "per_class": {
      "Charles Khuzwayo": {
        "precision": 0.75,
        "recall": 0.75,
        "f1-score": 0.75,
        "support": 4.0
      },
      "Fanelesibonge Bengu": {
        "precision": 0.6666666666666666,
        "recall": 0.6666666666666666,
        "f1-score": 0.6666666666666666,
        "support": 3.0
      },
      "Mhlengi Shangase": {
        "precision": 1.0,
        "recall": 1.0,
        "f1-score": 1.0,
        "support": 4.0
      },
      "Mthokozisi Mncuseni": {
        "precision": 1.0,
        "recall": 1.0,
        "f1-score": 1.0,
        "support": 4.0
      },
      "Nokubongwa Phenyane": {
        "precision": 0.8,
        "recall": 1.0,
        "f1-score": 0.8888888888888888,
        "support": 4.0
      },
      "Nonkululeko Nhlapo": {
        "precision": 0.75,
        "recall": 1.0,
        "f1-score": 0.8571428571428571,
        "support": 3.0
      },
      "Sabelo Nsele": {
        "precision": 1.0,
        "recall": 0.75,
        "f1-score": 0.8571428571428571,
        "support": 4.0
      },
      "Sibusiso Mdlalose": {
        "precision": 0.75,
        "recall": 0.75,
        "f1-score": 0.75,
        "support": 4.0
      },
      "Simangaliso Ntshangase": {
        "precision": 1.0,
        "recall": 0.6666666666666666,
        "f1-score": 0.8,
        "support": 3.0
      },
      "Zakhele Xaba": {
        "precision": 0.75,
        "recall": 0.75,
        "f1-score": 0.75,
        "support": 4.0
      },
      "Zimbili Vilakazi": {
        "precision": 1.0,
        "recall": 1.0,
        "f1-score": 1.0,
        "support": 3.0
      },
      "accuracy": 0.85,
      "macro avg": {
        "precision": 0.8606060606060606,
        "recall": 0.8484848484848484,
        "f1-score": 0.8472582972582973,
        "support": 40.0
      },
      "weighted avg": {
        "precision": 0.8612500000000001,
        "recall": 0.85,
        "f1-score": 0.8488888888888889,
        "support": 40.0
      }
    }
  },
  "TFIDF_word_SVM": {
    "f1_macro": 0.8582,
    "precision_macro": 0.8924,
    "recall_macro": 0.8636,
    "accuracy": 0.875,
    "per_class": {
      "Charles Khuzwayo": {
        "precision": 0.75,
        "recall": 0.75,
        "f1-score": 0.75,
        "support": 4.0
      },
      "Fanelesibonge Bengu": {
        "precision": 1.0,
        "recall": 0.3333333333333333,
        "f1-score": 0.5,
        "support": 3.0
      },
      "Mhlengi Shangase": {
        "precision": 0.8,
        "recall": 1.0,
        "f1-score": 0.8888888888888888,
        "support": 4.0
      },
      "Mthokozisi Mncuseni": {
        "precision": 1.0,
        "recall": 1.0,
        "f1-score": 1.0,
        "support": 4.0
      },
      "Nokubongwa Phenyane": {
        "precision": 0.8,
        "recall": 1.0,
        "f1-score": 0.8888888888888888,
        "support": 4.0
      },
      "Nonkululeko Nhlapo": {
        "precision": 1.0,
        "recall": 1.0,
        "f1-score": 1.0,
        "support": 3.0
      },
      "Sabelo Nsele": {
        "precision": 1.0,
        "recall": 1.0,
        "f1-score": 1.0,
        "support": 4.0
      },
      "Sibusiso Mdlalose": {
        "precision": 1.0,
        "recall": 0.75,
        "f1-score": 0.8571428571428571,
        "support": 4.0
      },
      "Simangaliso Ntshangase": {
        "precision": 0.6666666666666666,
        "recall": 0.6666666666666666,
        "f1-score": 0.6666666666666666,
        "support": 3.0
      },
      "Zakhele Xaba": {
        "precision": 0.8,
        "recall": 1.0,
        "f1-score": 0.8888888888888888,
        "support": 4.0
      },
      "Zimbili Vilakazi": {
        "precision": 1.0,
        "recall": 1.0,
        "f1-score": 1.0,
        "support": 3.0
      },
      "accuracy": 0.875,
      "macro avg": {
        "precision": 0.8924242424242425,
        "recall": 0.8636363636363636,
        "f1-score": 0.8582251082251081,
        "support": 40.0
      },
      "weighted avg": {
        "precision": 0.89,
        "recall": 0.875,
        "f1-score": 0.8648809523809524,
        "support": 40.0
      }
    }
  },
  "TFIDF_char_SVM": {
    "f1_macro": 0.8379,
    "precision_macro": 0.8773,
    "recall_macro": 0.8409,
    "accuracy": 0.85,
    "per_class": {
      "Charles Khuzwayo": {
        "precision": 0.75,
        "recall": 0.75,
        "f1-score": 0.75,
        "support": 4.0
      },
      "Fanelesibonge Bengu": {
        "precision": 1.0,
        "recall": 0.3333333333333333,
        "f1-score": 0.5,
        "support": 3.0
      },
      "Mhlengi Shangase": {
        "precision": 0.8,
        "recall": 1.0,
        "f1-score": 0.8888888888888888,
        "support": 4.0
      },
      "Mthokozisi Mncuseni": {
        "precision": 1.0,
        "recall": 1.0,
        "f1-score": 1.0,
        "support": 4.0
      },
      "Nokubongwa Phenyane": {
        "precision": 0.8,
        "recall": 1.0,
        "f1-score": 0.8888888888888888,
        "support": 4.0
      },
      "Nonkululeko Nhlapo": {
        "precision": 1.0,
        "recall": 1.0,
        "f1-score": 1.0,
        "support": 3.0
      },
      "Sabelo Nsele": {
        "precision": 0.8,
        "recall": 1.0,
        "f1-score": 0.8888888888888888,
        "support": 4.0
      },
      "Sibusiso Mdlalose": {
        "precision": 0.75,
        "recall": 0.75,
        "f1-score": 0.75,
        "support": 4.0
      },
      "Simangaliso Ntshangase": {
        "precision": 1.0,
        "recall": 0.6666666666666666,
        "f1-score": 0.8,
        "support": 3.0
      },
      "Zakhele Xaba": {
        "precision": 0.75,
        "recall": 0.75,
        "f1-score": 0.75,
        "support": 4.0
      },
      "Zimbili Vilakazi": {
        "precision": 1.0,